{
  "entities": {
    "PRODUCT": [
      "telefon",
      "sumka",
      "ko'ylak",
      "nabor",
      "kompyuter",
      "klaviatura",
      "quloqchin",
      "naushnik",
      "poyabzal",
      "krossovka",
      "planshet",
      "soat",
      "smartwatch",
      "protsessor",
      "videokarta",
      "ssd",
      "hdd",
      "televizor",
      "monitor",
      "konditsioner"
    ],
    "COLOR": [
      "qora",
      "oq",
      "ko'k",
      "qizil",
      "yashil",
      "kulrang",
      "sariq",
      "jigar",
      "pushti",
      "kumush",
      "oltin"
    ],
    "QUANTITY": [
      "dona",
      "ta",
      "kg",
      "gramm",
      "metr",
      "litr",
      "qop",
      "pachka",
      "blok"
    ],
    "ACTIONS": [
      "qo'sh",
      "kirit",
      "yangila",
      "edit",
      "o'chir",
      "ayir",
      "plus",
      "minus",
      "qoshish",
      "taxrirlash"
    ]
  },
  "patterns": [
    {
      "pattern": "(?<miqdor>\\d+) ?(?<birlik>dona|ta|kg|gramm)",
      "label": "AMOUNT"
    },
    {
      "pattern": "(?<color>qora|oq|ko'k|qizil|yashil|kulrang|sariq|jigar|pushti|kumush|oltin)",
      "label": "COLOR"
    },
    {
      "pattern": "(?<action>qo'sh|kirit|yangila|edit|o'chir|ayir|qoshish|taxrirlash)",
      "label": "ACTION"
    }
  ]
}